Issue	Document_link	TEI_link
Vol. 1, No. 1 (1910-11-01)	https://modjourn.org/issue/bdr507789/	https://repository.library.brown.edu/studio/item/bdr:507789/TEI/
Vol. 1, No. 2 (1910-12-01)	https://modjourn.org/issue/bdr507810/	https://repository.library.brown.edu/studio/item/bdr:507810/TEI/
Vol. 1, No. 3 (1911-01-01)	https://modjourn.org/issue/bdr507847/	https://repository.library.brown.edu/studio/item/bdr:507847/TEI/
Vol. 1, No. 4 (1911-02-01)	https://modjourn.org/issue/bdr507884/	https://repository.library.brown.edu/studio/item/bdr:507884/TEI/
Vol. 1, No. 5 (1911-03-01)	https://modjourn.org/issue/bdr507921/	https://repository.library.brown.edu/studio/item/bdr:507921/TEI/
Vol. 1, No. 6 (1911-04-01)	https://modjourn.org/issue/bdr507958/	https://repository.library.brown.edu/studio/item/bdr:507958/TEI/
Vol. 2, No. 1 (1911-05-01)	https://modjourn.org/issue/bdr522127/	https://repository.library.brown.edu/studio/item/bdr:522127/TEI/
Vol. 2, No. 3 (1911-07-01)	https://modjourn.org/issue/bdr522217/	https://repository.library.brown.edu/studio/item/bdr:522217/TEI/
Vol. 2, No. 4 (1911-08-01)	https://modjourn.org/issue/bdr522262/	https://repository.library.brown.edu/studio/item/bdr:522262/TEI/
Vol. 2, No. 5 (1911-09-01)	https://modjourn.org/issue/bdr522307/	https://repository.library.brown.edu/studio/item/bdr:522307/TEI/
Vol. 2, No. 6 (1911-10-01)	https://modjourn.org/issue/bdr522352/	https://repository.library.brown.edu/studio/item/bdr:522352/TEI/
Vol. 3, No. 1 (1911-11-01)	https://modjourn.org/issue/bdr521849/	https://repository.library.brown.edu/studio/item/bdr:521849/TEI/
Vol. 3, No. 2 (1911-12-01)	https://modjourn.org/issue/bdr521894/	https://repository.library.brown.edu/studio/item/bdr:521894/TEI/
Vol. 3, No. 3 (1912-01-01)	https://modjourn.org/issue/bdr521939/	https://repository.library.brown.edu/studio/item/bdr:521939/TEI/
Vol. 3, No. 4 (1912-02-01)	https://modjourn.org/issue/bdr521984/	https://repository.library.brown.edu/studio/item/bdr:521984/TEI/
Vol. 3, No. 5 (1912-03-01)	https://modjourn.org/issue/bdr522029/	https://repository.library.brown.edu/studio/item/bdr:522029/TEI/
Vol. 3, No. 6 (1912-04-01)	https://modjourn.org/issue/bdr522074/	https://repository.library.brown.edu/studio/item/bdr:522074/TEI/
Vol. 4, No. 1 (1912-05-01)	https://modjourn.org/issue/bdr520876/	https://repository.library.brown.edu/studio/item/bdr:520876/TEI/
Vol. 4, No. 2 (1912-06-01)	https://modjourn.org/issue/bdr520605/	https://repository.library.brown.edu/studio/item/bdr:520605/TEI/
Vol. 2, No. 2 (1912-06-01)	https://modjourn.org/issue/bdr522172/	https://repository.library.brown.edu/studio/item/bdr:522172/TEI/
Vol. 4, No. 3 (1912-07-01)	https://modjourn.org/issue/bdr520658/	https://repository.library.brown.edu/studio/item/bdr:520658/TEI/
Vol. 4, No. 4 (1912-08-01)	https://modjourn.org/issue/bdr520711/	https://repository.library.brown.edu/studio/item/bdr:520711/TEI/
Vol. 4, No. 5 (1912-09-01)	https://modjourn.org/issue/bdr520770/	https://repository.library.brown.edu/studio/item/bdr:520770/TEI/
Vol. 4, No. 6 (1912-10-01)	https://modjourn.org/issue/bdr520823/	https://repository.library.brown.edu/studio/item/bdr:520823/TEI/
Vol. 5, No. 1 (1912-11-01)	https://modjourn.org/issue/bdr520009/	https://repository.library.brown.edu/studio/item/bdr:520009/TEI/
Vol. 5, No. 2 (1912-12-01)	https://modjourn.org/issue/bdr520062/	https://repository.library.brown.edu/studio/item/bdr:520062/TEI/
Vol. 5, No. 3 (1913-01-01)	https://modjourn.org/issue/bdr520115/	https://repository.library.brown.edu/studio/item/bdr:520115/TEI/
Vol. 5, No. 4 (1913-02-01)	https://modjourn.org/issue/bdr520168/	https://repository.library.brown.edu/studio/item/bdr:520168/TEI/
Vol. 5, No. 5 (1913-03-01)	https://modjourn.org/issue/bdr520531/	https://repository.library.brown.edu/studio/item/bdr:520531/TEI/
Vol. 5, No. 6 (1913-04-01)	https://modjourn.org/issue/bdr520221/	https://repository.library.brown.edu/studio/item/bdr:520221/TEI/
Vol. 6, No. 1 (1913-05-01)	https://modjourn.org/issue/bdr517410/	https://repository.library.brown.edu/studio/item/bdr:517410/TEI/
Vol. 6, No. 2 (1913-06-01)	https://modjourn.org/issue/bdr517463/	https://repository.library.brown.edu/studio/item/bdr:517463/TEI/
Vol. 6, No. 3 (1913-07-01)	https://modjourn.org/issue/bdr518150/	https://repository.library.brown.edu/studio/item/bdr:518150/TEI/
Vol. 6, No. 4 (1913-08-01)	https://modjourn.org/issue/bdr518203/	https://repository.library.brown.edu/studio/item/bdr:518203/TEI/
Vol. 6, No. 5 (1913-09-01)	https://modjourn.org/issue/bdr517516/	https://repository.library.brown.edu/studio/item/bdr:517516/TEI/
Vol. 6, No. 6 (1913-10-01)	https://modjourn.org/issue/bdr517569/	https://repository.library.brown.edu/studio/item/bdr:517569/TEI/
Vol. 7, No. 1 (1913-11-01)	https://modjourn.org/issue/bdr517622/	https://repository.library.brown.edu/studio/item/bdr:517622/TEI/
Vol. 7, No. 2 (1913-12-01)	https://modjourn.org/issue/bdr517675/	https://repository.library.brown.edu/studio/item/bdr:517675/TEI/
Vol. 7, No. 3 (1914-01-01)	https://modjourn.org/issue/bdr517728/	https://repository.library.brown.edu/studio/item/bdr:517728/TEI/
Vol. 7, No. 4 (1914-02-01)	https://modjourn.org/issue/bdr517781/	https://repository.library.brown.edu/studio/item/bdr:517781/TEI/
Vol. 7, No. 5 (1914-03-01)	https://modjourn.org/issue/bdr517834/	https://repository.library.brown.edu/studio/item/bdr:517834/TEI/
Vol. 7, No. 6 (1914-04-01)	https://modjourn.org/issue/bdr517887/	https://repository.library.brown.edu/studio/item/bdr:517887/TEI/
Vol. 8, No. 1 (1914-05-01)	https://modjourn.org/issue/bdr519021/	https://repository.library.brown.edu/studio/item/bdr:519021/TEI/
Vol. 8, No. 2 (1914-06-01)	https://modjourn.org/issue/bdr519074/	https://repository.library.brown.edu/studio/item/bdr:519074/TEI/
Vol. 8, No. 3 (1914-07-01)	https://modjourn.org/issue/bdr519127/	https://repository.library.brown.edu/studio/item/bdr:519127/TEI/
Vol. 8, No. 4 (1914-08-01)	https://modjourn.org/issue/bdr519180/	https://repository.library.brown.edu/studio/item/bdr:519180/TEI/
Vol. 8, No. 5 (1914-09-01)	https://modjourn.org/issue/bdr519233/	https://repository.library.brown.edu/studio/item/bdr:519233/TEI/
Vol. 8, No. 6 (1914-10-01)	https://modjourn.org/issue/bdr519286/	https://repository.library.brown.edu/studio/item/bdr:519286/TEI/
Vol. 9, No. 1 (1914-11-01)	https://modjourn.org/issue/bdr519339/	https://repository.library.brown.edu/studio/item/bdr:519339/TEI/
Vol. 9, No. 2 (1914-12-01)	https://modjourn.org/issue/bdr519392/	https://repository.library.brown.edu/studio/item/bdr:519392/TEI/
Vol. 9, No. 3 (1915-01-01)	https://modjourn.org/issue/bdr519445/	https://repository.library.brown.edu/studio/item/bdr:519445/TEI/
Vol. 9, No. 4 (1915-02-01)	https://modjourn.org/issue/bdr519498/	https://repository.library.brown.edu/studio/item/bdr:519498/TEI/
Vol. 9, No. 5 (1915-03-01)	https://modjourn.org/issue/bdr519551/	https://repository.library.brown.edu/studio/item/bdr:519551/TEI/
Vol. 9, No. 6 (1915-04-01)	https://modjourn.org/issue/bdr519604/	https://repository.library.brown.edu/studio/item/bdr:519604/TEI/
Vol. 10, No. 1 (1915-05-01)	https://modjourn.org/issue/bdr507995/	https://repository.library.brown.edu/studio/item/bdr:507995/TEI/
Vol. 10, No. 2 (1915-06-01)	https://modjourn.org/issue/bdr508048/	https://repository.library.brown.edu/studio/item/bdr:508048/TEI/
Vol. 10, No. 3 (1915-07-01)	https://modjourn.org/issue/bdr508101/	https://repository.library.brown.edu/studio/item/bdr:508101/TEI/
Vol. 10, No. 4 (1915-08-01)	https://modjourn.org/issue/bdr508154/	https://repository.library.brown.edu/studio/item/bdr:508154/TEI/
Vol. 10, No. 5 (1915-09-01)	https://modjourn.org/issue/bdr508207/	https://repository.library.brown.edu/studio/item/bdr:508207/TEI/
Vol. 10, No. 6 (1915-10-01)	https://modjourn.org/issue/bdr508260/	https://repository.library.brown.edu/studio/item/bdr:508260/TEI/
Vol. 11, No. 1 (1915-11-01)	https://modjourn.org/issue/bdr508313/	https://repository.library.brown.edu/studio/item/bdr:508313/TEI/
Vol. 11, No. 2 (1915-12-01)	https://modjourn.org/issue/bdr508366/	https://repository.library.brown.edu/studio/item/bdr:508366/TEI/
Vol. 11, No. 3 (1916-01-01)	https://modjourn.org/issue/bdr508419/	https://repository.library.brown.edu/studio/item/bdr:508419/TEI/
Vol. 11, No. 4 (1916-02-01)	https://modjourn.org/issue/bdr508472/	https://repository.library.brown.edu/studio/item/bdr:508472/TEI/
Vol. 11, No. 5 (1916-03-01)	https://modjourn.org/issue/bdr508525/	https://repository.library.brown.edu/studio/item/bdr:508525/TEI/
Vol. 11, No. 6 (1916-04-01)	https://modjourn.org/issue/bdr508594/	https://repository.library.brown.edu/studio/item/bdr:508594/TEI/
Vol. 12, No. 1 (1916-06-01)	https://modjourn.org/issue/bdr509928/	https://repository.library.brown.edu/studio/item/bdr:509928/TEI/
Vol. 12, No. 2 (1916-06-01)	https://modjourn.org/issue/bdr509981/	https://repository.library.brown.edu/studio/item/bdr:509981/TEI/
Vol. 12, No. 3 (1916-07-01)	https://modjourn.org/issue/bdr510034/	https://repository.library.brown.edu/studio/item/bdr:510034/TEI/
Vol. 12, No. 3 (1916-07-01)	https://modjourn.org/issue/bdr510193/	https://repository.library.brown.edu/studio/item/bdr:510193/TEI/
Vol. 12, No. 4 (1916-08-01)	https://modjourn.org/issue/bdr510202/	https://repository.library.brown.edu/studio/item/bdr:510202/TEI/
Vol. 12, No. 5 (1916-09-01)	https://modjourn.org/issue/bdr510087/	https://repository.library.brown.edu/studio/item/bdr:510087/TEI/
Vol. 12, No. 6 (1916-10-01)	https://modjourn.org/issue/bdr510140/	https://repository.library.brown.edu/studio/item/bdr:510140/TEI/
Vol. 13, No. 1 (1916-11-01)	https://modjourn.org/issue/bdr510255/	https://repository.library.brown.edu/studio/item/bdr:510255/TEI/
Vol. 13, No. 2 (1916-12-01)	https://modjourn.org/issue/bdr510308/	https://repository.library.brown.edu/studio/item/bdr:510308/TEI/
Vol. 13, No. 3 (1917-01-01)	https://modjourn.org/issue/bdr510361/	https://repository.library.brown.edu/studio/item/bdr:510361/TEI/
Vol. 13, No. 4 (1917-02-01)	https://modjourn.org/issue/bdr510414/	https://repository.library.brown.edu/studio/item/bdr:510414/TEI/
Vol. 13, No. 5 (1917-03-01)	https://modjourn.org/issue/bdr510467/	https://repository.library.brown.edu/studio/item/bdr:510467/TEI/
Vol. 13, No. 6 (1917-04-01)	https://modjourn.org/issue/bdr510520/	https://repository.library.brown.edu/studio/item/bdr:510520/TEI/
Vol. 14, No. 3 (1917-05-01)	https://modjourn.org/issue/bdr510907/	https://repository.library.brown.edu/studio/item/bdr:510907/TEI/
Vol. 14, No. 1 (1917-05-01)	https://modjourn.org/issue/bdr510573/	https://repository.library.brown.edu/studio/item/bdr:510573/TEI/
Vol. 14, No. 2 (1917-06-01)	https://modjourn.org/issue/bdr510626/	https://repository.library.brown.edu/studio/item/bdr:510626/TEI/
Vol. 14, No. 3 (1917-07-01)	https://modjourn.org/issue/bdr510679/	https://repository.library.brown.edu/studio/item/bdr:510679/TEI/
Vol. 14, No. 4 (1917-08-01)	https://modjourn.org/issue/bdr510732/	https://repository.library.brown.edu/studio/item/bdr:510732/TEI/
Vol. 14, No. 5 (1917-09-01)	https://modjourn.org/issue/bdr510785/	https://repository.library.brown.edu/studio/item/bdr:510785/TEI/
Vol. 14, No. 6 (1917-10-01)	https://modjourn.org/issue/bdr510854/	https://repository.library.brown.edu/studio/item/bdr:510854/TEI/
Vol. 15, No. 1 (1917-11-01)	https://modjourn.org/issue/bdr510912/	https://repository.library.brown.edu/studio/item/bdr:510912/TEI/
Vol. 15, No. 2 (1917-12-01)	https://modjourn.org/issue/bdr510965/	https://repository.library.brown.edu/studio/item/bdr:510965/TEI/
Vol. 15, No. 3 (1918-01-01)	https://modjourn.org/issue/bdr511018/	https://repository.library.brown.edu/studio/item/bdr:511018/TEI/
Vol. 15, No. 4 (1918-02-01)	https://modjourn.org/issue/bdr511071/	https://repository.library.brown.edu/studio/item/bdr:511071/TEI/
Vol. 15, No. 5 (1918-03-01)	https://modjourn.org/issue/bdr511124/	https://repository.library.brown.edu/studio/item/bdr:511124/TEI/
Vol. 15, No. 6 (1918-04-01)	https://modjourn.org/issue/bdr511177/	https://repository.library.brown.edu/studio/item/bdr:511177/TEI/
Vol. 16, No. 1 (1918-05-01)	https://modjourn.org/issue/bdr511230/	https://repository.library.brown.edu/studio/item/bdr:511230/TEI/
Vol. 16, No. 2 (1918-06-01)	https://modjourn.org/issue/bdr511283/	https://repository.library.brown.edu/studio/item/bdr:511283/TEI/
Vol. 16, No. 3 (1918-07-01)	https://modjourn.org/issue/bdr511336/	https://repository.library.brown.edu/studio/item/bdr:511336/TEI/
Vol. 16, No. 4 (1918-08-01)	https://modjourn.org/issue/bdr511389/	https://repository.library.brown.edu/studio/item/bdr:511389/TEI/
Vol. 16, No. 5 (1918-09-01)	https://modjourn.org/issue/bdr511442/	https://repository.library.brown.edu/studio/item/bdr:511442/TEI/
Vol. 16, No. 6 (1918-10-01)	https://modjourn.org/issue/bdr511495/	https://repository.library.brown.edu/studio/item/bdr:511495/TEI/
Vol. 17, No. 1 (1918-11-01)	https://modjourn.org/issue/bdr511548/	https://repository.library.brown.edu/studio/item/bdr:511548/TEI/
Vol. 17, No. 2 (1918-12-01)	https://modjourn.org/issue/bdr511601/	https://repository.library.brown.edu/studio/item/bdr:511601/TEI/
Vol. 17, No. 3 (1919-01-01)	https://modjourn.org/issue/bdr511654/	https://repository.library.brown.edu/studio/item/bdr:511654/TEI/
Vol. 17, No. 4 (1919-02-01)	https://modjourn.org/issue/bdr511707/	https://repository.library.brown.edu/studio/item/bdr:511707/TEI/
Vol. 17, No. 5 (1919-03-01)	https://modjourn.org/issue/bdr511760/	https://repository.library.brown.edu/studio/item/bdr:511760/TEI/
Vol. 17, No. 6 (1919-04-01)	https://modjourn.org/issue/bdr511813/	https://repository.library.brown.edu/studio/item/bdr:511813/TEI/
Vol. 18, No. 1 (1919-05-01)	https://modjourn.org/issue/bdr512264/	https://repository.library.brown.edu/studio/item/bdr:512264/TEI/
Vol. 18, No. 2 (1919-06-01)	https://modjourn.org/issue/bdr512317/	https://repository.library.brown.edu/studio/item/bdr:512317/TEI/
Vol. 18, No. 3 (1919-07-01)	https://modjourn.org/issue/bdr512386/	https://repository.library.brown.edu/studio/item/bdr:512386/TEI/
Vol. 18, No. 4 (1919-08-01)	https://modjourn.org/issue/bdr512439/	https://repository.library.brown.edu/studio/item/bdr:512439/TEI/
Vol. 18, No. 5 (1919-09-01)	https://modjourn.org/issue/bdr512492/	https://repository.library.brown.edu/studio/item/bdr:512492/TEI/
Vol. 18, No. 6 (1919-10-01)	https://modjourn.org/issue/bdr512545/	https://repository.library.brown.edu/studio/item/bdr:512545/TEI/
Vol. 19, No. 1 (1919-11-01)	https://modjourn.org/issue/bdr512598/	https://repository.library.brown.edu/studio/item/bdr:512598/TEI/
Vol. 19, No. 2 (1919-12-01)	https://modjourn.org/issue/bdr512635/	https://repository.library.brown.edu/studio/item/bdr:512635/TEI/
Vol. 19, No. 3 (1920-01-01)	https://modjourn.org/issue/bdr512704/	https://repository.library.brown.edu/studio/item/bdr:512704/TEI/
Vol. 19, No. 4 (1920-02-01)	https://modjourn.org/issue/bdr512911/	https://repository.library.brown.edu/studio/item/bdr:512911/TEI/
Vol. 19, No. 5 (1920-03-01)	https://modjourn.org/issue/bdr512773/	https://repository.library.brown.edu/studio/item/bdr:512773/TEI/
Vol. 19, No. 6 (1920-04-01)	https://modjourn.org/issue/bdr512842/	https://repository.library.brown.edu/studio/item/bdr:512842/TEI/
Vol. 20, No. 1 (1920-05-01)	https://modjourn.org/issue/bdr512980/	https://repository.library.brown.edu/studio/item/bdr:512980/TEI/
Vol. 20, No. 2 (1920-06-01)	https://modjourn.org/issue/bdr513049/	https://repository.library.brown.edu/studio/item/bdr:513049/TEI/
Vol. 20, No. 3 (1920-07-01)	https://modjourn.org/issue/bdr513102/	https://repository.library.brown.edu/studio/item/bdr:513102/TEI/
Vol. 20, No. 4 (1920-08-01)	https://modjourn.org/issue/bdr513155/	https://repository.library.brown.edu/studio/item/bdr:513155/TEI/
Vol. 20, No. 5 (1920-09-01)	https://modjourn.org/issue/bdr513208/	https://repository.library.brown.edu/studio/item/bdr:513208/TEI/
Vol. 20, No. 6 (1920-10-01)	https://modjourn.org/issue/bdr513261/	https://repository.library.brown.edu/studio/item/bdr:513261/TEI/
Vol. 21, No. 1 (1920-11-01)	https://modjourn.org/issue/bdr513314/	https://repository.library.brown.edu/studio/item/bdr:513314/TEI/
Vol. 21, No. 2 (1920-12-01)	https://modjourn.org/issue/bdr513367/	https://repository.library.brown.edu/studio/item/bdr:513367/TEI/
Vol. 21, No. 3 (1921-01-01)	https://modjourn.org/issue/bdr513420/	https://repository.library.brown.edu/studio/item/bdr:513420/TEI/
Vol. 21, No. 4 (1921-02-01)	https://modjourn.org/issue/bdr513473/	https://repository.library.brown.edu/studio/item/bdr:513473/TEI/
Vol. 21, No. 5 (1921-03-01)	https://modjourn.org/issue/bdr513526/	https://repository.library.brown.edu/studio/item/bdr:513526/TEI/
Vol. 21, No. 6 (1921-04-01)	https://modjourn.org/issue/bdr513579/	https://repository.library.brown.edu/studio/item/bdr:513579/TEI/
Vol. 22, No. 1 (1921-05-01)	https://modjourn.org/issue/bdr513632/	https://repository.library.brown.edu/studio/item/bdr:513632/TEI/
Vol. 22, No. 2 (1921-06-01)	https://modjourn.org/issue/bdr513685/	https://repository.library.brown.edu/studio/item/bdr:513685/TEI/
Vol. 22, No. 3 (1921-07-01)	https://modjourn.org/issue/bdr513738/	https://repository.library.brown.edu/studio/item/bdr:513738/TEI/
Vol. 22, No. 4 (1921-08-01)	https://modjourn.org/issue/bdr513791/	https://repository.library.brown.edu/studio/item/bdr:513791/TEI/
Vol. 22, No. 5 (1921-09-01)	https://modjourn.org/issue/bdr513844/	https://repository.library.brown.edu/studio/item/bdr:513844/TEI/
Vol. 22, No. 6 (1921-10-01)	https://modjourn.org/issue/bdr513897/	https://repository.library.brown.edu/studio/item/bdr:513897/TEI/
Vol. 23, No. 1 (1921-11-01)	https://modjourn.org/issue/bdr513950/	https://repository.library.brown.edu/studio/item/bdr:513950/TEI/
Vol. 23, No. 2 (1921-12-01)	https://modjourn.org/issue/bdr514003/	https://repository.library.brown.edu/studio/item/bdr:514003/TEI/
Vol. 23, No. 3 (1922-01-01)	https://modjourn.org/issue/bdr514056/	https://repository.library.brown.edu/studio/item/bdr:514056/TEI/
Vol. 23, No. 4 (1922-02-01)	https://modjourn.org/issue/bdr514105/	https://repository.library.brown.edu/studio/item/bdr:514105/TEI/
Vol. 23, No. 5 (1922-03-01)	https://modjourn.org/issue/bdr514154/	https://repository.library.brown.edu/studio/item/bdr:514154/TEI/
Vol. 23, No. 6 (1922-04-01)	https://modjourn.org/issue/bdr514203/	https://repository.library.brown.edu/studio/item/bdr:514203/TEI/
Vol. 24, No. 1 (1922-05-01)	https://modjourn.org/issue/bdr521457/	https://repository.library.brown.edu/studio/item/bdr:521457/TEI/
Vol. 24, No. 2 (1922-06-01)	https://modjourn.org/issue/bdr521506/	https://repository.library.brown.edu/studio/item/bdr:521506/TEI/  https://repository.library.brown.edu/studio/item/bdr:521506/TEI/
Vol. 24, No. 3 (1922-07-01)	https://modjourn.org/issue/bdr521555/	https://repository.library.brown.edu/studio/item/bdr:521555/TEI/
Vol. 24, No. 4 (1922-08-01)	https://modjourn.org/issue/bdr521604/	https://repository.library.brown.edu/studio/item/bdr:521604/TEI/
Vol. 24, No. 5 (1922-09-01)	https://modjourn.org/issue/bdr521653/	https://repository.library.brown.edu/studio/item/bdr:521653/TEI/
Vol. 24, No. 6 (1922-10-01)	https://modjourn.org/issue/bdr521702/	https://repository.library.brown.edu/studio/item/bdr:521702/TEI/
Vol. 25, No. 1 (1922-11-01)	https://modjourn.org/issue/bdr521751/	https://repository.library.brown.edu/studio/item/bdr:521751/TEI/
Vol. 25, No. 2 (1922-12-01)	https://modjourn.org/issue/bdr521800/	https://repository.library.brown.edu/studio/item/bdr:521800/TEI/